{"cameraMode":{"drawMode":0,"name":"Shaded","section":"Shading Mode"},"sceneLighting":true,"audioPlay":false,"sceneViewState":{"showFog":true,"showMaterialUpdate":false,"showSkybox":true,"showFlares":true,"showImageEffects":true,"showParticleSystems":true},"in2DMode":false,"pivot":{"x":12.874076843261719,"y":-29.070858001708986,"z":123.47169494628906},"rotation":{"x":0.15990132093429566,"y":0.1845007836818695,"z":-0.03043738380074501,"w":0.9692590236663818},"size":122.22794342041016,"orthographic":false}